"file","caption","category","png_time"
"C:/Assessment 2015/China rockfish/SS/China_South_BASE_FINAL/plots//bio1_sizeatage.png","Length at age in the beginning of the year (or season) in the ending year of the model. Shaded area indicates 95% distribution of length at age around estimated growth curve.","Bio",2015-07-21 12:15:29
"C:/Assessment 2015/China rockfish/SS/China_South_BASE_FINAL/plots//bio2_sizeatage_plus_CV_and_SD.png","Length at age (top-left panel) with CV (thick line) and SD (thin line) of length at age shown in top-right and lower-left panels","Bio",2015-07-21 12:15:29
"C:/Assessment 2015/China rockfish/SS/China_South_BASE_FINAL/plots//bio3_sizeatage_plus_WT_and_MAT.png","Length at age (top-left panel) with weight (thick line) and maturity (thin line) shown in top-right and lower-left panels","Bio",2015-07-21 12:15:29
"C:/Assessment 2015/China rockfish/SS/China_South_BASE_FINAL/plots//bio4_weightatsize.png","Weight-length relationship","Bio",2015-07-21 12:15:29
"C:/Assessment 2015/China rockfish/SS/China_South_BASE_FINAL/plots//bio5_maturity.png","Maturity at length","Bio",2015-07-21 12:15:29
"C:/Assessment 2015/China rockfish/SS/China_South_BASE_FINAL/plots//bio6_fecundity.png","Fecundity","Bio",2015-07-21 12:15:29
"C:/Assessment 2015/China rockfish/SS/China_South_BASE_FINAL/plots//bio7_fecundity_wt.png","Fecundity as a function of weight","Bio",2015-07-21 12:15:29
"C:/Assessment 2015/China rockfish/SS/China_South_BASE_FINAL/plots//bio8_fecundity_len.png","Fecundity as a function of length","Bio",2015-07-21 12:15:29
"C:/Assessment 2015/China rockfish/SS/China_South_BASE_FINAL/plots//bio9_spawningoutput.png","Spawning output at length","Bio",2015-07-21 12:15:29
"C:/Assessment 2015/China rockfish/SS/China_South_BASE_FINAL/plots/sel01_multiple_fleets_length1.png","Selectivity at length for multiple fleets.","Sel",2015-07-21 12:15:29
"C:/Assessment 2015/China rockfish/SS/China_South_BASE_FINAL/plots/sel02_multiple_fleets_age1.png","Selectivity at age for multiple fleets.","Sel",2015-07-21 12:15:29
"C:/Assessment 2015/China rockfish/SS/China_South_BASE_FINAL/plots/sel02_multiple_fleets_age2.png","Selectivity at age derived from selectivity at length for multiple fleets.","Sel",2015-07-21 12:15:29
"C:/Assessment 2015/China rockfish/SS/China_South_BASE_FINAL/plots/sel09_len_flt1sex1.png","Female ending year selectivity for Commercial_Dead","Sel",2015-07-21 12:15:29
"C:/Assessment 2015/China rockfish/SS/China_South_BASE_FINAL/plots/sel09_len_flt1sex2.png","Male ending year selectivity for Commercial_Dead","Sel",2015-07-21 12:15:29
"C:/Assessment 2015/China rockfish/SS/China_South_BASE_FINAL/plots/sel09_len_flt2sex1.png","Female ending year selectivity for Commercial_Live","Sel",2015-07-21 12:15:29
"C:/Assessment 2015/China rockfish/SS/China_South_BASE_FINAL/plots/sel09_len_flt2sex2.png","Male ending year selectivity for Commercial_Live","Sel",2015-07-21 12:15:29
"C:/Assessment 2015/China rockfish/SS/China_South_BASE_FINAL/plots/sel09_len_flt3sex1.png","Female ending year selectivity for Rec_Charter","Sel",2015-07-21 12:15:29
"C:/Assessment 2015/China rockfish/SS/China_South_BASE_FINAL/plots/sel09_len_flt3sex2.png","Male ending year selectivity for Rec_Charter","Sel",2015-07-21 12:15:29
"C:/Assessment 2015/China rockfish/SS/China_South_BASE_FINAL/plots/sel09_len_flt4sex1.png","Female ending year selectivity for Rec_Private","Sel",2015-07-21 12:15:29
"C:/Assessment 2015/China rockfish/SS/China_South_BASE_FINAL/plots/sel09_len_flt4sex2.png","Male ending year selectivity for Rec_Private","Sel",2015-07-21 12:15:29
"C:/Assessment 2015/China rockfish/SS/China_South_BASE_FINAL/plots/sel09_len_flt5sex1.png","Female ending year selectivity for Commercial_Discard","Sel",2015-07-21 12:15:29
"C:/Assessment 2015/China rockfish/SS/China_South_BASE_FINAL/plots/sel09_len_flt5sex2.png","Male ending year selectivity for Commercial_Discard","Sel",2015-07-21 12:15:29
"C:/Assessment 2015/China rockfish/SS/China_South_BASE_FINAL/plots/sel09_len_flt6sex1.png","Female ending year selectivity for Rec_Charter_Onboard_87-98","Sel",2015-07-21 12:15:29
"C:/Assessment 2015/China rockfish/SS/China_South_BASE_FINAL/plots/sel09_len_flt6sex2.png","Male ending year selectivity for Rec_Charter_Onboard_87-98","Sel",2015-07-21 12:15:29
"C:/Assessment 2015/China rockfish/SS/China_South_BASE_FINAL/plots/sel09_len_flt7sex1.png","Female ending year selectivity for Rec_Charter_Onboard_1999-2014","Sel",2015-07-21 12:15:29
"C:/Assessment 2015/China rockfish/SS/China_South_BASE_FINAL/plots/sel09_len_flt7sex2.png","Male ending year selectivity for Rec_Charter_Onboard_1999-2014","Sel",2015-07-21 12:15:29
"C:/Assessment 2015/China rockfish/SS/China_South_BASE_FINAL/plots/sel09_len_flt8sex1.png","Female ending year selectivity for CCFRP_comps","Sel",2015-07-21 12:15:29
"C:/Assessment 2015/China rockfish/SS/China_South_BASE_FINAL/plots/sel09_len_flt8sex2.png","Male ending year selectivity for CCFRP_comps","Sel",2015-07-21 12:15:29
"C:/Assessment 2015/China rockfish/SS/China_South_BASE_FINAL/plots/sel09_len_flt9sex1.png","Female ending year selectivity for Abrams_thesis_CAAL","Sel",2015-07-21 12:15:29
"C:/Assessment 2015/China rockfish/SS/China_South_BASE_FINAL/plots/sel09_len_flt9sex2.png","Male ending year selectivity for Abrams_thesis_CAAL","Sel",2015-07-21 12:15:29
"C:/Assessment 2015/China rockfish/SS/China_South_BASE_FINAL/plots/sel21_agelen_contour_flt1sex1.png","Female ending year selectivity and growth for Commercial_Dead","Sel",2015-07-21 12:15:29
"C:/Assessment 2015/China rockfish/SS/China_South_BASE_FINAL/plots/sel21_agelen_contour_flt1sex2.png","Male ending year selectivity and growth for Commercial_Dead","Sel",2015-07-21 12:15:29
"C:/Assessment 2015/China rockfish/SS/China_South_BASE_FINAL/plots/sel21_agelen_contour_flt2sex1.png","Female ending year selectivity and growth for Commercial_Live","Sel",2015-07-21 12:15:29
"C:/Assessment 2015/China rockfish/SS/China_South_BASE_FINAL/plots/sel21_agelen_contour_flt2sex2.png","Male ending year selectivity and growth for Commercial_Live","Sel",2015-07-21 12:15:29
"C:/Assessment 2015/China rockfish/SS/China_South_BASE_FINAL/plots/sel21_agelen_contour_flt3sex1.png","Female ending year selectivity and growth for Rec_Charter","Sel",2015-07-21 12:15:29
"C:/Assessment 2015/China rockfish/SS/China_South_BASE_FINAL/plots/sel21_agelen_contour_flt3sex2.png","Male ending year selectivity and growth for Rec_Charter","Sel",2015-07-21 12:15:29
"C:/Assessment 2015/China rockfish/SS/China_South_BASE_FINAL/plots/sel21_agelen_contour_flt4sex1.png","Female ending year selectivity and growth for Rec_Private","Sel",2015-07-21 12:15:29
"C:/Assessment 2015/China rockfish/SS/China_South_BASE_FINAL/plots/sel21_agelen_contour_flt4sex2.png","Male ending year selectivity and growth for Rec_Private","Sel",2015-07-21 12:15:29
"C:/Assessment 2015/China rockfish/SS/China_South_BASE_FINAL/plots/sel21_agelen_contour_flt5sex1.png","Female ending year selectivity and growth for Commercial_Discard","Sel",2015-07-21 12:15:29
"C:/Assessment 2015/China rockfish/SS/China_South_BASE_FINAL/plots/sel21_agelen_contour_flt5sex2.png","Male ending year selectivity and growth for Commercial_Discard","Sel",2015-07-21 12:15:29
"C:/Assessment 2015/China rockfish/SS/China_South_BASE_FINAL/plots/sel21_agelen_contour_flt6sex1.png","Female ending year selectivity and growth for Rec_Charter_Onboard_87-98","Sel",2015-07-21 12:15:29
"C:/Assessment 2015/China rockfish/SS/China_South_BASE_FINAL/plots/sel21_agelen_contour_flt6sex2.png","Male ending year selectivity and growth for Rec_Charter_Onboard_87-98","Sel",2015-07-21 12:15:29
"C:/Assessment 2015/China rockfish/SS/China_South_BASE_FINAL/plots/sel21_agelen_contour_flt7sex1.png","Female ending year selectivity and growth for Rec_Charter_Onboard_1999-2014","Sel",2015-07-21 12:15:29
"C:/Assessment 2015/China rockfish/SS/China_South_BASE_FINAL/plots/sel21_agelen_contour_flt7sex2.png","Male ending year selectivity and growth for Rec_Charter_Onboard_1999-2014","Sel",2015-07-21 12:15:29
"C:/Assessment 2015/China rockfish/SS/China_South_BASE_FINAL/plots/sel21_agelen_contour_flt8sex1.png","Female ending year selectivity and growth for CCFRP_comps","Sel",2015-07-21 12:15:29
"C:/Assessment 2015/China rockfish/SS/China_South_BASE_FINAL/plots/sel21_agelen_contour_flt8sex2.png","Male ending year selectivity and growth for CCFRP_comps","Sel",2015-07-21 12:15:29
"C:/Assessment 2015/China rockfish/SS/China_South_BASE_FINAL/plots/sel21_agelen_contour_flt9sex1.png","Female ending year selectivity and growth for Abrams_thesis_CAAL","Sel",2015-07-21 12:15:29
"C:/Assessment 2015/China rockfish/SS/China_South_BASE_FINAL/plots/sel21_agelen_contour_flt9sex2.png","Male ending year selectivity and growth for Abrams_thesis_CAAL","Sel",2015-07-21 12:15:29
"C:/Assessment 2015/China rockfish/SS/China_South_BASE_FINAL/plots/ts1_Total_biomass_(mt).png","Total biomass (mt)","Timeseries",2015-07-21 12:15:29
"C:/Assessment 2015/China rockfish/SS/China_South_BASE_FINAL/plots/ts4_Summary_biomass_(mt).png","Summary biomass (mt)","Timeseries",2015-07-21 12:15:29
"C:/Assessment 2015/China rockfish/SS/China_South_BASE_FINAL/plots/ts7_Spawning_output.png","Spawning output","Timeseries",2015-07-21 12:15:29
"C:/Assessment 2015/China rockfish/SS/China_South_BASE_FINAL/plots/ts7_Spawning_output_with_95_asymptotic_intervals_intervals.png","Spawning output with ~95% asymptotic intervals","Timeseries",2015-07-21 12:15:29
"C:/Assessment 2015/China rockfish/SS/China_South_BASE_FINAL/plots/ts9_Spawning_depletion.png","Spawning depletion","Timeseries",2015-07-21 12:15:29
"C:/Assessment 2015/China rockfish/SS/China_South_BASE_FINAL/plots/ts9_Spawning_depletion_with_95_asymptotic_intervals_intervals.png","Spawning depletion with ~95% asymptotic intervals","Timeseries",2015-07-21 12:15:29
"C:/Assessment 2015/China rockfish/SS/China_South_BASE_FINAL/plots/ts11_Age-0_recruits_(1000s).png","Age-0 recruits (1,000s)","Timeseries",2015-07-21 12:15:29
"C:/Assessment 2015/China rockfish/SS/China_South_BASE_FINAL/plots/ts11_Age-0_recruits_(1000s)_with_95_asymptotic_intervals.png","Age-0 recruits (1,000s) with ~95% asymptotic intervals","Timeseries",2015-07-21 12:15:29
"C:/Assessment 2015/China rockfish/SS/China_South_BASE_FINAL/plots//ts_summaryF.png","Summary F (definition of F depends on setting in starter.ss)","Timeseries",2015-07-21 12:15:29
"C:/Assessment 2015/China rockfish/SS/China_South_BASE_FINAL/plots//SR_curve.png","Spawner-recruit curve","S-R",2015-07-21 12:15:29
"C:/Assessment 2015/China rockfish/SS/China_South_BASE_FINAL/plots//SR_curve2.png","Spawner-recruit curve with labels on first, last, and years with (log) deviations > 0.5","S-R",2015-07-21 12:15:29
"C:/Assessment 2015/China rockfish/SS/China_South_BASE_FINAL/plots//catch1 landings.png","landings","Catch",2015-07-21 12:15:29
"C:/Assessment 2015/China rockfish/SS/China_South_BASE_FINAL/plots//catch2 landings stacked.png","landings stacked","Catch",2015-07-21 12:15:29
"C:/Assessment 2015/China rockfish/SS/China_South_BASE_FINAL/plots//catch9 harvest rate.png","harvest rate","Catch",2015-07-21 12:15:29
"C:/Assessment 2015/China rockfish/SS/China_South_BASE_FINAL/plots///SPR1_series.png","Timeseries of SPR","SPR",2015-07-21 12:15:29
"C:/Assessment 2015/China rockfish/SS/China_South_BASE_FINAL/plots///SPR2_minusSPRseries.png","Timeseries of 1-SPR","SPR",2015-07-21 12:15:29
"C:/Assessment 2015/China rockfish/SS/China_South_BASE_FINAL/plots///SPR3_ratiointerval.png","Timeseries of SPR ratio","SPR",2015-07-21 12:15:29
"C:/Assessment 2015/China rockfish/SS/China_South_BASE_FINAL/plots///SPR4_phase.png","Phase plot of biomass ratio vs. SPR ratio","SPR",2015-07-21 12:15:29
"C:/Assessment 2015/China rockfish/SS/China_South_BASE_FINAL/plots//index1_cpuedata_Rec_Charter.png","Index data for Rec_Charter","Index",2015-07-21 12:15:29
"C:/Assessment 2015/China rockfish/SS/China_South_BASE_FINAL/plots//index2_cpuefit_Rec_Charter.png","Fit to index data for Rec_Charter","Index",2015-07-21 12:15:29
"C:/Assessment 2015/China rockfish/SS/China_South_BASE_FINAL/plots//index3_cpuecheck_Rec_Charter.png","Observed vs. expected index values with smoother for Rec_Charter","Index",2015-07-21 12:15:29
"C:/Assessment 2015/China rockfish/SS/China_South_BASE_FINAL/plots//index4_logcpuedata_Rec_Charter.png","Log index data for Rec_Charter","Index",2015-07-21 12:15:29
"C:/Assessment 2015/China rockfish/SS/China_South_BASE_FINAL/plots//index5_logcpuefit_Rec_Charter.png","Fit to index data on log scale for Rec_Charter","Index",2015-07-21 12:15:29
"C:/Assessment 2015/China rockfish/SS/China_South_BASE_FINAL/plots//index6_logcpuecheck_Rec_Charter.png","log(observed) vs. log(expected) index values with smoother for Rec_Charter","Index",2015-07-21 12:15:29
"C:/Assessment 2015/China rockfish/SS/China_South_BASE_FINAL/plots//index1_cpuedata_Rec_Charter_Onboard_87-98.png","Index data for Rec_Charter_Onboard_87-98","Index",2015-07-21 12:15:29
"C:/Assessment 2015/China rockfish/SS/China_South_BASE_FINAL/plots//index2_cpuefit_Rec_Charter_Onboard_87-98.png","Fit to index data for Rec_Charter_Onboard_87-98","Index",2015-07-21 12:15:29
"C:/Assessment 2015/China rockfish/SS/China_South_BASE_FINAL/plots//index3_cpuecheck_Rec_Charter_Onboard_87-98.png","Observed vs. expected index values with smoother for Rec_Charter_Onboard_87-98","Index",2015-07-21 12:15:29
"C:/Assessment 2015/China rockfish/SS/China_South_BASE_FINAL/plots//index4_logcpuedata_Rec_Charter_Onboard_87-98.png","Log index data for Rec_Charter_Onboard_87-98","Index",2015-07-21 12:15:29
"C:/Assessment 2015/China rockfish/SS/China_South_BASE_FINAL/plots//index5_logcpuefit_Rec_Charter_Onboard_87-98.png","Fit to index data on log scale for Rec_Charter_Onboard_87-98","Index",2015-07-21 12:15:29
"C:/Assessment 2015/China rockfish/SS/China_South_BASE_FINAL/plots//index6_logcpuecheck_Rec_Charter_Onboard_87-98.png","log(observed) vs. log(expected) index values with smoother for Rec_Charter_Onboard_87-98","Index",2015-07-21 12:15:29
"C:/Assessment 2015/China rockfish/SS/China_South_BASE_FINAL/plots//index1_cpuedata_Rec_Charter_Onboard_1999-2014.png","Index data for Rec_Charter_Onboard_1999-2014","Index",2015-07-21 12:15:29
"C:/Assessment 2015/China rockfish/SS/China_South_BASE_FINAL/plots//index2_cpuefit_Rec_Charter_Onboard_1999-2014.png","Fit to index data for Rec_Charter_Onboard_1999-2014","Index",2015-07-21 12:15:29
"C:/Assessment 2015/China rockfish/SS/China_South_BASE_FINAL/plots//index3_cpuecheck_Rec_Charter_Onboard_1999-2014.png","Observed vs. expected index values with smoother for Rec_Charter_Onboard_1999-2014","Index",2015-07-21 12:15:29
"C:/Assessment 2015/China rockfish/SS/China_South_BASE_FINAL/plots//index4_logcpuedata_Rec_Charter_Onboard_1999-2014.png","Log index data for Rec_Charter_Onboard_1999-2014","Index",2015-07-21 12:15:29
"C:/Assessment 2015/China rockfish/SS/China_South_BASE_FINAL/plots//index5_logcpuefit_Rec_Charter_Onboard_1999-2014.png","Fit to index data on log scale for Rec_Charter_Onboard_1999-2014","Index",2015-07-21 12:15:29
"C:/Assessment 2015/China rockfish/SS/China_South_BASE_FINAL/plots//index6_logcpuecheck_Rec_Charter_Onboard_1999-2014.png","log(observed) vs. log(expected) index values with smoother for Rec_Charter_Onboard_1999-2014","Index",2015-07-21 12:15:29
"C:/Assessment 2015/China rockfish/SS/China_South_BASE_FINAL/plots//index9_standcpueall.png","Standardized indices overlaid","Index",2015-07-21 12:15:29
"C:/Assessment 2015/China rockfish/SS/China_South_BASE_FINAL/plots//numbers1_sex1_beg.png","Beginning of year expected numbers at age of females in (max ~ 77.2 thousand)","Numbers",2015-07-21 12:15:29
"C:/Assessment 2015/China rockfish/SS/China_South_BASE_FINAL/plots//numbers1_sex2_beg.png","Beginning of year expected numbers at age of males in (max ~ 77.2 thousand)","Numbers",2015-07-21 12:15:29
"C:/Assessment 2015/China rockfish/SS/China_South_BASE_FINAL/plots//numbers2_meanage_beg.png","Beginning of year mean age in the population","Numbers",2015-07-21 12:15:29
"C:/Assessment 2015/China rockfish/SS/China_South_BASE_FINAL/plots//numbers1_sex1_mid.png","Middle of year expected numbers at age of females in (max ~ 74.6 thousand)","Numbers",2015-07-21 12:15:29
"C:/Assessment 2015/China rockfish/SS/China_South_BASE_FINAL/plots//numbers1_sex2_mid.png","Middle of year expected numbers at age of males in (max ~ 74.6 thousand)","Numbers",2015-07-21 12:15:29
"C:/Assessment 2015/China rockfish/SS/China_South_BASE_FINAL/plots//numbers2_meanage_mid.png","Middle of year mean age in the population","Numbers",2015-07-21 12:15:29
"C:/Assessment 2015/China rockfish/SS/China_South_BASE_FINAL/plots//numbers6_len_sex1.png","Beginning of year expected numbers at length of females in (max ~ 198.0 thousand)","Numbers",2015-07-21 12:15:29
"C:/Assessment 2015/China rockfish/SS/China_South_BASE_FINAL/plots//numbers6_len_sex2.png","Beginning of year expected numbers at length of males in (max ~ 198.0 thousand)","Numbers",2015-07-21 12:15:29
"C:/Assessment 2015/China rockfish/SS/China_South_BASE_FINAL/plots//numbers7_meanlen.png","Beginning of year mean length (cm) in the population","Numbers",2015-07-21 12:15:29
"C:/Assessment 2015/China rockfish/SS/China_South_BASE_FINAL/plots//numbers6_len_sex1.png","Middle of year expected numbers at length of females in (max ~ 156.4 thousand)","Numbers",2015-07-21 12:15:29
"C:/Assessment 2015/China rockfish/SS/China_South_BASE_FINAL/plots//numbers6_len_sex2.png","Middle of year expected numbers at length of males in (max ~ 156.4 thousand)","Numbers",2015-07-21 12:15:29
"C:/Assessment 2015/China rockfish/SS/China_South_BASE_FINAL/plots//numbers7_meanlen.png","Middle of year mean length (cm) in the population","Numbers",2015-07-21 12:15:29
"C:/Assessment 2015/China rockfish/SS/China_South_BASE_FINAL/plots//numbers4_equilagecomp.png","Equilibrium age distribution","Numbers",2015-07-21 12:15:29
"C:/Assessment 2015/China rockfish/SS/China_South_BASE_FINAL/plots//numbers5_ageerrorSD.png","Ageing imprecision: SD of observed age (yr)","Numbers",2015-07-21 12:15:29
"C:/Assessment 2015/China rockfish/SS/China_South_BASE_FINAL/plots//numbers5_ageerrorMeans.png","Ageing imprecision: Mean observed age (yr)","Numbers",2015-07-21 12:15:29
"C:/Assessment 2015/China rockfish/SS/China_South_BASE_FINAL/plots//numbers5_ageerror_matrix_1.png","Ageing imprecision: matrix for method 1","Numbers",2015-07-21 12:15:29
"C:/Assessment 2015/China rockfish/SS/China_South_BASE_FINAL/plots//numbers5_ageerror_matrix_2.png","Ageing imprecision: matrix for method 2","Numbers",2015-07-21 12:15:29
"C:/Assessment 2015/China rockfish/SS/China_South_BASE_FINAL/plots//comp_lendat_flt1mkt2.png","length comp data, retained, Commercial_Dead","CompDat",2015-07-21 12:15:29
"C:/Assessment 2015/China rockfish/SS/China_South_BASE_FINAL/plots//comp_lendat_bubflt1mkt2.png","length comp data, retained, Commercial_Dead (max=0.36)","CompDat",2015-07-21 12:15:29
"C:/Assessment 2015/China rockfish/SS/China_South_BASE_FINAL/plots//comp_lendat_data_weighting_TA1.8_Commercial_Dead.png","Francis data weighting method TA1.8 Commercial_Dead <br> Suggested sample size adjustment (with 95% interval) for len data from Commercial_Dead:<br>1.0362 (0.7586-7.5599)","CompDat",2015-07-21 12:15:29
"C:/Assessment 2015/China rockfish/SS/China_South_BASE_FINAL/plots//comp_lendat_flt2mkt2.png","length comp data, retained, Commercial_Live","CompDat",2015-07-21 12:15:29
"C:/Assessment 2015/China rockfish/SS/China_South_BASE_FINAL/plots//comp_lendat_bubflt2mkt2.png","length comp data, retained, Commercial_Live (max=0.75)","CompDat",2015-07-21 12:15:29
"C:/Assessment 2015/China rockfish/SS/China_South_BASE_FINAL/plots//comp_lendat_data_weighting_TA1.8_Commercial_Live.png","Francis data weighting method TA1.8 Commercial_Live <br> Suggested sample size adjustment (with 95% interval) for len data from Commercial_Live:<br>1.0294 (0.5767-3.1087)","CompDat",2015-07-21 12:15:29
"C:/Assessment 2015/China rockfish/SS/China_South_BASE_FINAL/plots//comp_lendat_flt3mkt2.png","length comp data, retained, Rec_Charter","CompDat",2015-07-21 12:15:29
"C:/Assessment 2015/China rockfish/SS/China_South_BASE_FINAL/plots//comp_lendat_bubflt3mkt2.png","length comp data, retained, Rec_Charter (max=0.59)","CompDat",2015-07-21 12:15:29
"C:/Assessment 2015/China rockfish/SS/China_South_BASE_FINAL/plots//comp_lendat_data_weighting_TA1.8_Rec_Charter.png","Francis data weighting method TA1.8 Rec_Charter <br> Suggested sample size adjustment (with 95% interval) for len data from Rec_Charter:<br>0.8932 (0.6497-1.4887)","CompDat",2015-07-21 12:15:29
"C:/Assessment 2015/China rockfish/SS/China_South_BASE_FINAL/plots//comp_lendat_flt4mkt2.png","length comp data, retained, Rec_Private","CompDat",2015-07-21 12:15:29
"C:/Assessment 2015/China rockfish/SS/China_South_BASE_FINAL/plots//comp_lendat_bubflt4mkt2.png","length comp data, retained, Rec_Private (max=0.35)","CompDat",2015-07-21 12:15:29
"C:/Assessment 2015/China rockfish/SS/China_South_BASE_FINAL/plots//comp_lendat_data_weighting_TA1.8_Rec_Private.png","Francis data weighting method TA1.8 Rec_Private <br> Suggested sample size adjustment (with 95% interval) for len data from Rec_Private:<br>1.0025 (0.6286-2.0775)","CompDat",2015-07-21 12:15:29
"C:/Assessment 2015/China rockfish/SS/China_South_BASE_FINAL/plots//comp_lendat_flt5mkt2.png","length comp data, retained, Commercial_Discard","CompDat",2015-07-21 12:15:29
"C:/Assessment 2015/China rockfish/SS/China_South_BASE_FINAL/plots//comp_lendat_bubflt5mkt2.png","length comp data, retained, Commercial_Discard (max=0.42)","CompDat",2015-07-21 12:15:29
"C:/Assessment 2015/China rockfish/SS/China_South_BASE_FINAL/plots//comp_lendat_data_weighting_TA1.8_Commercial_Discard.png","Francis data weighting method TA1.8 Commercial_Discard <br> Suggested sample size adjustment (with 95% interval) for len data from Commercial_Discard:<br>0.9835 (0.7608-5.1081)","CompDat",2015-07-21 12:15:29
"C:/Assessment 2015/China rockfish/SS/China_South_BASE_FINAL/plots//comp_lendat_flt6mkt0.png","length comp data, whole catch, Rec_Charter_Onboard_87-98","CompDat",2015-07-21 12:15:29
"C:/Assessment 2015/China rockfish/SS/China_South_BASE_FINAL/plots//comp_lendat_bubflt6mkt0.png","length comp data, whole catch, Rec_Charter_Onboard_87-98 (max=0.39)","CompDat",2015-07-21 12:15:29
"C:/Assessment 2015/China rockfish/SS/China_South_BASE_FINAL/plots//comp_lendat_data_weighting_TA1.8_Rec_Charter_Onboard_87-98.png","Francis data weighting method TA1.8 Rec_Charter_Onboard_87-98 <br> Suggested sample size adjustment (with 95% interval) for len data from Rec_Charter_Onboard_87-98:<br>1.1078 (0.6322-5.6689)","CompDat",2015-07-21 12:15:29
"C:/Assessment 2015/China rockfish/SS/China_South_BASE_FINAL/plots//comp_lendat_flt8mkt0.png","length comp data, whole catch, CCFRP_comps","CompDat",2015-07-21 12:15:29
"C:/Assessment 2015/China rockfish/SS/China_South_BASE_FINAL/plots//comp_lendat_bubflt8mkt0.png","length comp data, whole catch, CCFRP_comps (max=0.36)","CompDat",2015-07-21 12:15:29
"C:/Assessment 2015/China rockfish/SS/China_South_BASE_FINAL/plots//comp_lendat_data_weighting_TA1.8_CCFRP_comps.png","Francis data weighting method TA1.8 CCFRP_comps <br> Suggested sample size adjustment (with 95% interval) for len data from CCFRP_comps:<br>0.9835 (0.51-7.1979)","CompDat",2015-07-21 12:15:29
"C:/Assessment 2015/China rockfish/SS/China_South_BASE_FINAL/plots//comp_lendat_mkt2_aggregated_across_time.png","length comp data, retained, aggregated across time by fleet","CompDat",2015-07-21 12:15:29
"C:/Assessment 2015/China rockfish/SS/China_South_BASE_FINAL/plots//comp_lendat_mkt0_aggregated_across_time.png","length comp data, whole catch, aggregated across time by fleet","CompDat",2015-07-21 12:15:29
"C:/Assessment 2015/China rockfish/SS/China_South_BASE_FINAL/plots//comp_lendat_sex1mkt2_multi-fleet_comparison.png","Note: this plot doesn't seem to be working right for some models.<br><br> length comp data, sexes combined, retained, comparing across fleets","CompDat",2015-07-21 12:15:29
"C:/Assessment 2015/China rockfish/SS/China_South_BASE_FINAL/plots//comp_lendat_sex1mkt0_multi-fleet_comparison.png","Note: this plot doesn't seem to be working right for some models.<br><br> length comp data, sexes combined, whole catch, comparing across fleets","CompDat",2015-07-21 12:15:29
"C:/Assessment 2015/China rockfish/SS/China_South_BASE_FINAL/plots//comp_agedat_flt3mkt0.png","age comp data, whole catch, Rec_Charter","CompDat",2015-07-21 12:15:29
"C:/Assessment 2015/China rockfish/SS/China_South_BASE_FINAL/plots//comp_agedat_bubflt3mkt0.png","age comp data, whole catch, Rec_Charter (max=0.96)","CompDat",2015-07-21 12:15:29
"C:/Assessment 2015/China rockfish/SS/China_South_BASE_FINAL/plots//comp_agedat_data_weighting_TA1.8_Rec_Charter.png","Francis data weighting method TA1.8 Rec_Charter <br> Suggested sample size adjustment (with 95% interval) for age data from Rec_Charter:<br>4.8811 (2.8012-19.2346)","CompDat",2015-07-21 12:15:29
"C:/Assessment 2015/China rockfish/SS/China_South_BASE_FINAL/plots//comp_agedat_mkt0_aggregated_across_time.png","age comp data, whole catch, aggregated across time by fleet","CompDat",2015-07-21 12:15:29
"C:/Assessment 2015/China rockfish/SS/China_South_BASE_FINAL/plots//comp_agedat_sex1mkt0_multi-fleet_comparison.png","Note: this plot doesn't seem to be working right for some models.<br><br> age comp data, sexes combined, whole catch, comparing across fleets","CompDat",2015-07-21 12:15:29
"C:/Assessment 2015/China rockfish/SS/China_South_BASE_FINAL/plots//comp_gstagedat_flt3mkt0.png","ghost age comp data, whole catch, Rec_Charter","CompDat",2015-07-21 12:15:29
"C:/Assessment 2015/China rockfish/SS/China_South_BASE_FINAL/plots//comp_gstagedat_bubflt3mkt0.png","ghost age comp data, whole catch, Rec_Charter (max=0.48)","CompDat",2015-07-21 12:15:29
"C:/Assessment 2015/China rockfish/SS/China_South_BASE_FINAL/plots//comp_gstagedat_flt9mkt0.png","ghost age comp data, whole catch, Abrams_thesis_CAAL","CompDat",2015-07-21 12:15:29
"C:/Assessment 2015/China rockfish/SS/China_South_BASE_FINAL/plots//comp_gstagedat_bubflt9mkt0.png","ghost age comp data, whole catch, Abrams_thesis_CAAL (max=0.13)","CompDat",2015-07-21 12:15:29
"C:/Assessment 2015/China rockfish/SS/China_South_BASE_FINAL/plots//comp_condAALdat_bubflt9mkt0.png","conditional age-at-length data, whole catch, Abrams_thesis_CAAL (max=0.96)","CompDat",2015-07-21 12:15:29
"C:/Assessment 2015/China rockfish/SS/China_South_BASE_FINAL/plots//comp_condAALdat_data_weighting_TA1.8_condAgeAbrams_thesis_CAAL.png","Francis data weighting method TA1.8 for conditional age data Abrams_thesis_CAAL <br>For more info, see<br> <blockquote>Francis, R.I.C.C. (2011). Data weighting in statistical fisheries stock assessment models. <i>Can. J. Fish. Aquat. Sci.</i> 68: 1124-1138.</blockquote>","CompDat",2015-07-21 12:15:29
"C:/Assessment 2015/China rockfish/SS/China_South_BASE_FINAL/plots//comp_condAALdat_Andre_plotsflt9mkt0.png","Conditional AAL plot, whole catch, Abrams_thesis_CAAL","CompDat",2015-07-21 12:15:29
"C:/Assessment 2015/China rockfish/SS/China_South_BASE_FINAL/plots//comp_lenfit_flt1mkt2.png","length comps, retained, Commercial_Dead","LenComp",2015-07-21 12:15:29
"C:/Assessment 2015/China rockfish/SS/China_South_BASE_FINAL/plots//comp_lenfit_residsflt1mkt2.png","Pearson residuals, retained, Commercial_Dead (max=1.25) <br> 
Closed bubbles are positive residuals (observed > expected) and open bubbles are negative residuals (observed < expected).","LenComp",2015-07-21 12:15:29
"C:/Assessment 2015/China rockfish/SS/China_South_BASE_FINAL/plots//comp_lenfit_sampsize_flt1mkt2.png","N-EffN comparison, length comps, retained, Commercial_Dead","LenComp",2015-07-21 12:15:29
"C:/Assessment 2015/China rockfish/SS/China_South_BASE_FINAL/plots//comp_lenfit_data_weighting_TA1.8_Commercial_Dead.png","Francis data weighting method TA1.8 Commercial_Dead <br> Suggested sample size adjustment (with 95% interval) for len data from Commercial_Dead:<br>1.0362 (0.7618-5.5049)","LenComp",2015-07-21 12:15:29
"C:/Assessment 2015/China rockfish/SS/China_South_BASE_FINAL/plots//comp_lenfit_flt2mkt2.png","length comps, retained, Commercial_Live","LenComp",2015-07-21 12:15:29
"C:/Assessment 2015/China rockfish/SS/China_South_BASE_FINAL/plots//comp_lenfit_residsflt2mkt2.png","Pearson residuals, retained, Commercial_Live (max=3.03) <br> 
Closed bubbles are positive residuals (observed > expected) and open bubbles are negative residuals (observed < expected).","LenComp",2015-07-21 12:15:29
"C:/Assessment 2015/China rockfish/SS/China_South_BASE_FINAL/plots//comp_lenfit_sampsize_flt2mkt2.png","N-EffN comparison, length comps, retained, Commercial_Live","LenComp",2015-07-21 12:15:29
"C:/Assessment 2015/China rockfish/SS/China_South_BASE_FINAL/plots//comp_lenfit_data_weighting_TA1.8_Commercial_Live.png","Francis data weighting method TA1.8 Commercial_Live <br> Suggested sample size adjustment (with 95% interval) for len data from Commercial_Live:<br>1.0294 (0.5836-3.2872)","LenComp",2015-07-21 12:15:29
"C:/Assessment 2015/China rockfish/SS/China_South_BASE_FINAL/plots//comp_lenfit_flt3mkt2.png","length comps, retained, Rec_Charter","LenComp",2015-07-21 12:15:29
"C:/Assessment 2015/China rockfish/SS/China_South_BASE_FINAL/plots//comp_lenfit_residsflt3mkt2.png","Pearson residuals, retained, Rec_Charter (max=3.83) <br> 
Closed bubbles are positive residuals (observed > expected) and open bubbles are negative residuals (observed < expected).","LenComp",2015-07-21 12:15:29
"C:/Assessment 2015/China rockfish/SS/China_South_BASE_FINAL/plots//comp_lenfit_sampsize_flt3mkt2.png","N-EffN comparison, length comps, retained, Rec_Charter","LenComp",2015-07-21 12:15:29
"C:/Assessment 2015/China rockfish/SS/China_South_BASE_FINAL/plots//comp_lenfit_data_weighting_TA1.8_Rec_Charter.png","Francis data weighting method TA1.8 Rec_Charter <br> Suggested sample size adjustment (with 95% interval) for len data from Rec_Charter:<br>0.8932 (0.6408-1.4443)","LenComp",2015-07-21 12:15:29
"C:/Assessment 2015/China rockfish/SS/China_South_BASE_FINAL/plots//comp_lenfit_flt4mkt2.png","length comps, retained, Rec_Private","LenComp",2015-07-21 12:15:29
"C:/Assessment 2015/China rockfish/SS/China_South_BASE_FINAL/plots//comp_lenfit_residsflt4mkt2.png","Pearson residuals, retained, Rec_Private (max=4.06) <br> 
Closed bubbles are positive residuals (observed > expected) and open bubbles are negative residuals (observed < expected).","LenComp",2015-07-21 12:15:29
"C:/Assessment 2015/China rockfish/SS/China_South_BASE_FINAL/plots//comp_lenfit_sampsize_flt4mkt2.png","N-EffN comparison, length comps, retained, Rec_Private","LenComp",2015-07-21 12:15:29
"C:/Assessment 2015/China rockfish/SS/China_South_BASE_FINAL/plots//comp_lenfit_data_weighting_TA1.8_Rec_Private.png","Francis data weighting method TA1.8 Rec_Private <br> Suggested sample size adjustment (with 95% interval) for len data from Rec_Private:<br>1.0025 (0.6597-2.0329)","LenComp",2015-07-21 12:15:29
"C:/Assessment 2015/China rockfish/SS/China_South_BASE_FINAL/plots//comp_lenfit_flt5mkt2.png","length comps, retained, Commercial_Discard","LenComp",2015-07-21 12:15:29
"C:/Assessment 2015/China rockfish/SS/China_South_BASE_FINAL/plots//comp_lenfit_residsflt5mkt2.png","Pearson residuals, retained, Commercial_Discard (max=1.87) <br> 
Closed bubbles are positive residuals (observed > expected) and open bubbles are negative residuals (observed < expected).","LenComp",2015-07-21 12:15:29
"C:/Assessment 2015/China rockfish/SS/China_South_BASE_FINAL/plots//comp_lenfit_sampsize_flt5mkt2.png","N-EffN comparison, length comps, retained, Commercial_Discard","LenComp",2015-07-21 12:15:29
"C:/Assessment 2015/China rockfish/SS/China_South_BASE_FINAL/plots//comp_lenfit_data_weighting_TA1.8_Commercial_Discard.png","Francis data weighting method TA1.8 Commercial_Discard <br> Suggested sample size adjustment (with 95% interval) for len data from Commercial_Discard:<br>0.9835 (0.7464-4.9255)","LenComp",2015-07-21 12:15:29
"C:/Assessment 2015/China rockfish/SS/China_South_BASE_FINAL/plots//comp_lenfit_flt6mkt0.png","length comps, whole catch, Rec_Charter_Onboard_87-98","LenComp",2015-07-21 12:15:29
"C:/Assessment 2015/China rockfish/SS/China_South_BASE_FINAL/plots//comp_lenfit_residsflt6mkt0.png","Pearson residuals, whole catch, Rec_Charter_Onboard_87-98 (max=3.33) <br> 
Closed bubbles are positive residuals (observed > expected) and open bubbles are negative residuals (observed < expected).","LenComp",2015-07-21 12:15:29
"C:/Assessment 2015/China rockfish/SS/China_South_BASE_FINAL/plots//comp_lenfit_sampsize_flt6mkt0.png","N-EffN comparison, length comps, whole catch, Rec_Charter_Onboard_87-98","LenComp",2015-07-21 12:15:29
"C:/Assessment 2015/China rockfish/SS/China_South_BASE_FINAL/plots//comp_lenfit_data_weighting_TA1.8_Rec_Charter_Onboard_87-98.png","Francis data weighting method TA1.8 Rec_Charter_Onboard_87-98 <br> Suggested sample size adjustment (with 95% interval) for len data from Rec_Charter_Onboard_87-98:<br>1.1078 (0.6241-4.976)","LenComp",2015-07-21 12:15:29
"C:/Assessment 2015/China rockfish/SS/China_South_BASE_FINAL/plots//comp_lenfit_flt8mkt0.png","length comps, whole catch, CCFRP_comps","LenComp",2015-07-21 12:15:29
"C:/Assessment 2015/China rockfish/SS/China_South_BASE_FINAL/plots//comp_lenfit_residsflt8mkt0.png","Pearson residuals, whole catch, CCFRP_comps (max=4.3) <br> 
Closed bubbles are positive residuals (observed > expected) and open bubbles are negative residuals (observed < expected).","LenComp",2015-07-21 12:15:29
"C:/Assessment 2015/China rockfish/SS/China_South_BASE_FINAL/plots//comp_lenfit_sampsize_flt8mkt0.png","N-EffN comparison, length comps, whole catch, CCFRP_comps","LenComp",2015-07-21 12:15:29
"C:/Assessment 2015/China rockfish/SS/China_South_BASE_FINAL/plots//comp_lenfit_data_weighting_TA1.8_CCFRP_comps.png","Francis data weighting method TA1.8 CCFRP_comps <br> Suggested sample size adjustment (with 95% interval) for len data from CCFRP_comps:<br>0.9835 (0.5371-10.8249)","LenComp",2015-07-21 12:15:29
"C:/Assessment 2015/China rockfish/SS/China_South_BASE_FINAL/plots//comp_lenfit_mkt2_aggregated_across_time.png","length comps, retained, aggregated across time by fleet","LenComp",2015-07-21 12:15:29
"C:/Assessment 2015/China rockfish/SS/China_South_BASE_FINAL/plots//comp_lenfit_mkt0_aggregated_across_time.png","length comps, whole catch, aggregated across time by fleet","LenComp",2015-07-21 12:15:29
"C:/Assessment 2015/China rockfish/SS/China_South_BASE_FINAL/plots//comp_lenfit_sex1mkt2_multi-fleet_comparison.png","Note: this plot doesn't seem to be working right for some models.<br><br> Pearson residuals, sexes combined, retained, comparing across fleets <br> 
Closed bubbles are positive residuals (observed > expected) and open bubbles are negative residuals (observed < expected).","LenComp",2015-07-21 12:15:29
"C:/Assessment 2015/China rockfish/SS/China_South_BASE_FINAL/plots//comp_lenfit_sex1mkt0_multi-fleet_comparison.png","Note: this plot doesn't seem to be working right for some models.<br><br> Pearson residuals, sexes combined, whole catch, comparing across fleets <br> 
Closed bubbles are positive residuals (observed > expected) and open bubbles are negative residuals (observed < expected).","LenComp",2015-07-21 12:15:29
"C:/Assessment 2015/China rockfish/SS/China_South_BASE_FINAL/plots//comp_gstlenfit_flt3mkt2.png","ghost length comps, retained, Rec_Charter","LenComp",2015-07-21 12:15:29
"C:/Assessment 2015/China rockfish/SS/China_South_BASE_FINAL/plots//comp_gstlenfit_residsflt3mkt2.png","Pearson residuals, retained, Rec_Charter (max=NA) <br> 
Closed bubbles are positive residuals (observed > expected) and open bubbles are negative residuals (observed < expected).","LenComp",2015-07-21 12:15:29
"C:/Assessment 2015/China rockfish/SS/China_South_BASE_FINAL/plots//comp_gstlenfit_flt4mkt2.png","ghost length comps, retained, Rec_Private","LenComp",2015-07-21 12:15:29
"C:/Assessment 2015/China rockfish/SS/China_South_BASE_FINAL/plots//comp_gstlenfit_residsflt4mkt2.png","Pearson residuals, retained, Rec_Private (max=NA) <br> 
Closed bubbles are positive residuals (observed > expected) and open bubbles are negative residuals (observed < expected).","LenComp",2015-07-21 12:15:29
"C:/Assessment 2015/China rockfish/SS/China_South_BASE_FINAL/plots//comp_agefit_flt3mkt0.png","age comps, whole catch, Rec_Charter","AgeComp",2015-07-21 12:15:29
"C:/Assessment 2015/China rockfish/SS/China_South_BASE_FINAL/plots//comp_agefit_residsflt3mkt0.png","Pearson residuals, whole catch, Rec_Charter (max=10.53) <br> 
Closed bubbles are positive residuals (observed > expected) and open bubbles are negative residuals (observed < expected).","AgeComp",2015-07-21 12:15:29
"C:/Assessment 2015/China rockfish/SS/China_South_BASE_FINAL/plots//comp_agefit_sampsize_flt3mkt0.png","N-EffN comparison, age comps, whole catch, Rec_Charter","AgeComp",2015-07-21 12:15:29
"C:/Assessment 2015/China rockfish/SS/China_South_BASE_FINAL/plots//comp_agefit_data_weighting_TA1.8_Rec_Charter.png","Francis data weighting method TA1.8 Rec_Charter <br> Suggested sample size adjustment (with 95% interval) for age data from Rec_Charter:<br>4.8811 (2.7095-19.2353)","AgeComp",2015-07-21 12:15:29
"C:/Assessment 2015/China rockfish/SS/China_South_BASE_FINAL/plots//comp_agefit_mkt0_aggregated_across_time.png","age comps, whole catch, aggregated across time by fleet","AgeComp",2015-07-21 12:15:29
"C:/Assessment 2015/China rockfish/SS/China_South_BASE_FINAL/plots//comp_agefit_sex1mkt0_multi-fleet_comparison.png","Note: this plot doesn't seem to be working right for some models.<br><br> Pearson residuals, sexes combined, whole catch, comparing across fleets <br> 
Closed bubbles are positive residuals (observed > expected) and open bubbles are negative residuals (observed < expected).","AgeComp",2015-07-21 12:15:29
"C:/Assessment 2015/China rockfish/SS/China_South_BASE_FINAL/plots//comp_gstagefit_flt3mkt0.png","ghost age comps, whole catch, Rec_Charter","AgeComp",2015-07-21 12:15:29
"C:/Assessment 2015/China rockfish/SS/China_South_BASE_FINAL/plots//comp_gstagefit_residsflt3mkt0.png","Pearson residuals, whole catch, Rec_Charter (max=NA) <br> 
Closed bubbles are positive residuals (observed > expected) and open bubbles are negative residuals (observed < expected).","AgeComp",2015-07-21 12:15:29
"C:/Assessment 2015/China rockfish/SS/China_South_BASE_FINAL/plots//comp_gstagefit_flt9mkt0.png","ghost age comps, whole catch, Abrams_thesis_CAAL","AgeComp",2015-07-21 12:15:29
"C:/Assessment 2015/China rockfish/SS/China_South_BASE_FINAL/plots//comp_gstagefit_residsflt9mkt0.png","Pearson residuals, whole catch, Abrams_thesis_CAAL (max=NA) <br> 
Closed bubbles are positive residuals (observed > expected) and open bubbles are negative residuals (observed < expected).","AgeComp",2015-07-21 12:15:29
"C:/Assessment 2015/China rockfish/SS/China_South_BASE_FINAL/plots//comp_condAALfit_residsflt9mkt0.png","Pearson residuals, whole catch, Abrams_thesis_CAAL (max=17.76)","A@LComp",2015-07-21 12:15:29
"C:/Assessment 2015/China rockfish/SS/China_South_BASE_FINAL/plots//comp_condAALfit_data_weighting_TA1.8_condAgeAbrams_thesis_CAAL.png","Francis data weighting method TA1.8 for conditional age data Abrams_thesis_CAAL <br>For more info, see<br> <blockquote>Francis, R.I.C.C. (2011). Data weighting in statistical fisheries stock assessment models. <i>Can. J. Fish. Aquat. Sci.</i> 68: 1124-1138.</blockquote>","A@LComp",2015-07-21 12:15:29
"C:/Assessment 2015/China rockfish/SS/China_South_BASE_FINAL/plots//comp_condAALfit_Andre_plotsflt9mkt0.png","Conditional AAL plot, whole catch, Abrams_thesis_CAAL","A@LComp",2015-07-21 12:15:29
"C:/Assessment 2015/China rockfish/SS/China_South_BASE_FINAL/plots/yield1_yield_curve.png","Yield curve","Yield",2015-07-21 12:15:29
"C:/Assessment 2015/China rockfish/SS/China_South_BASE_FINAL/plots/yield2_Hilborn_surplus_production.png","Surplus production plot. For interpretation, see<br> <blockquote>Walters, Hilborn, and  Christensen, 2008, Surplus production dynamics in declining and recovering fish populations. <i>Can. J. Fish. Aquat. Sci.</i> 65: 2536-2551.</blockquote>","Yield",2015-07-21 12:15:29
"C:/Assessment 2015/China rockfish/SS/China_South_BASE_FINAL/plots//data_plot.png","Data presence by year for each fleet","Data",2015-07-21 12:15:29
